time,q_real,q_virtual,total,dropped,served,drop_rate,ema_t,p_acb,E,alpha
5.0,8,0.0,52,0,44,0.0,9.8048,0.0,8.0,0.2
10.0,14,0.0,108,0,94,0.0,11.1274,0.0,14.0,0.2
15.0,13,0.0,149,0,136,0.0,9.6901,0.0,13.0,0.2
20.0,7,0.0,190,0,183,0.0,9.0642,0.0,7.0,0.2
25.0,72,0.0,342,0,270,0.0,9.0697,0.0,72.0,0.2
30.0,200,0.0,689,79,410,0.0,17.7652,0.0,200.0,0.2
35.0,80,17.0,1569,833,656,0.5507,137.9807,0.5507,63.0,0.2
40.0,199,165.26,2269,1233,837,0.0,71.9159,0.0,33.74,0.2
45.0,16,200.0,2460,1385,1059,0.0,88.7417,0.0,184.0,0.2
50.0,10,167.92,2506,1385,1111,0.0,35.7157,0.0,157.92,0.2
55.0,6,16.41,2555,1385,1164,0.0,18.0915,0.0,10.41,0.2
60.0,7,0.0,2613,1385,1221,0.0,14.6623,0.0,7.0,0.2
65.0,138,0.0,2810,1385,1287,0.0,13.2993,0.0,138.0,0.2
70.0,22,138.6,3723,2163,1538,0.0,119.5953,0.0,116.6,0.2
75.0,13,189.8,3764,2163,1588,0.0,44.468,0.0,176.8,0.2
80.0,13,74.57,3844,2163,1668,0.0,24.5271,0.0,61.57,0.2
85.0,7,0.0,3892,2163,1722,0.0,14.7065,0.0,7.0,0.2
90.0,2,0.0,3937,2163,1772,0.0,11.739,0.0,2.0,0.2
95.0,84,3.0,5732,3625,2023,0.7877,268.4687,0.7877,81.0,0.2
100.0,10,200.0,5775,3629,2136,0.0,93.5402,0.0,190.0,0.2
105.0,13,169.39,5821,3629,2179,0.0,36.9879,0.0,156.39,0.2
110.0,11,25.96,5877,3629,2237,0.0,20.0952,0.0,14.96,0.2
115.0,9,0.0,5930,3629,2292,0.0,13.2869,0.0,9.0,0.2
120.0,178,0.0,6260,3692,2390,0.0,11.4361,0.0,178.0,0.2
125.0,144,0.0,7288,4499,2645,1.0,132.5531,1.0,144.0,0.2
130.0,170,15.0,9150,6050,2930,0.7494,275.3832,0.7494,155.0,0.2
135.0,11,200.0,9659,6477,3171,0.0,175.0552,0.0,189.0,0.2
140.0,93,200.0,9846,6482,3271,0.2361,90.3227,0.2361,107.0,0.2
145.0,13,168.02,9898,6482,3403,0.0,35.891,0.0,155.02,0.2
150.0,11,24.9,9948,6482,3455,0.0,19.1707,0.0,13.9,0.2
155.0,185,75.64,10871,6977,3709,0.0,82.6406,0.0,109.36,0.2
160.0,19,84.44,10929,6990,3920,0.0,54.2413,0.0,65.44,0.2
165.0,18,0.0,10992,6990,3984,0.0,25.8794,0.0,18.0,0.2
170.0,21,0.0,11269,7027,4221,0.0,39.2414,0.0,21.0,0.2
175.0,114,1.0,11649,7157,4378,0.2308,71.4999,0.2308,113.0,0.2
180.0,150,0.0,12531,7781,4600,1.0,101.688,1.0,150.0,0.2
185.0,113,41.0,13989,9002,4874,0.5882,230.6747,0.5882,72.0,0.2
190.0,44,48.0,15514,10321,5149,0.6466,288.6041,0.6466,4.0,0.2
195.0,140,151.0,16068,10589,5339,0.9747,197.3074,0.9747,11.0,0.2
200.0,58,173.0,17077,11415,5604,0.5999,217.4367,0.5999,115.0,0.2
205.0,65,200.0,17501,11591,5845,0.3679,134.4685,0.3679,135.0,0.2
210.0,12,197.67,17559,11591,5956,0.0,51.6681,0.0,185.67,0.2
215.0,11,129.61,17676,11591,6074,0.0,30.4317,0.0,118.61,0.2
220.0,94,0.0,17959,11613,6252,0.0,53.3434,0.0,94.0,0.2
225.0,15,0.0,18009,11613,6381,0.0,24.2629,0.0,15.0,0.2
230.0,9,0.0,18065,11613,6443,0.0,15.2119,0.0,9.0,0.2
235.0,40,78.56,18939,12224,6675,0.0,113.5626,0.0,38.56,0.2
240.0,10,135.62,18991,12224,6757,0.0,44.0477,0.0,125.62,0.2
245.0,93,12.6,19314,12305,6916,0.1945,65.7948,0.1945,80.4,0.2
250.0,13,0.0,19351,12305,7033,0.0,26.8422,0.0,13.0,0.2
255.0,9,0.0,19400,12305,7086,0.0,14.923,0.0,9.0,0.2
260.0,43,0.0,19527,12305,7179,0.0,26.4589,0.0,43.0,0.2
265.0,112,0.0,20499,12977,7410,0.7489,163.3014,0.7489,112.0,0.2
270.0,10,148.83,20553,12982,7561,0.0,60.1842,0.0,138.83,0.2
275.0,10,64.02,20598,12982,7606,0.0,26.8869,0.0,54.02,0.2
280.0,9,0.0,20644,12982,7653,0.0,15.7466,0.0,9.0,0.2
285.0,8,0.0,20703,12982,7713,0.0,11.2584,0.0,8.0,0.2
290.0,133,0.0,21120,13141,7846,0.9178,85.1506,0.9178,133.0,0.2
295.0,16,0.0,21170,13141,8013,0.0,33.3469,0.0,16.0,0.2
300.0,6,0.0,21210,13141,8063,0.0,16.2567,0.0,6.0,0.2
305.0,8,0.0,21252,13141,8103,0.0,10.6777,0.0,8.0,0.2
310.0,200,0.0,21568,13211,8157,0.0,8.2813,0.0,200.0,0.2
315.0,27,93.43,22249,13808,8414,0.0,101.4346,0.0,66.43,0.2
320.0,86,92.62,23368,14638,8644,0.6903,203.4227,0.6903,6.62,0.2
325.0,8,200.0,23405,14639,8758,0.0,72.8064,0.0,192.0,0.2
330.0,8,139.67,23455,14639,8808,0.0,29.8284,0.0,131.67,0.2
335.0,15,0.0,23498,14639,8844,0.0,15.1268,0.0,15.0,0.2
340.0,11,0.0,23556,14639,8906,0.0,13.038,0.0,11.0,0.2
345.0,198,1.0,24849,15549,9102,0.6428,153.9568,0.6428,197.0,0.2
350.0,155,0.0,26557,17039,9363,1.0,295.3961,1.0,155.0,0.2
355.0,136,0.0,27953,18182,9635,0.8881,312.7317,0.8881,136.0,0.2
360.0,17,200.0,28004,18198,9789,0.0,125.7726,0.0,183.0,0.2
365.0,145,146.0,28712,18626,9941,1.0,154.9936,1.0,1.0,0.2
370.0,200,200.0,29247,18897,10150,0.0,67.6987,0.0,0.0,0.2
375.0,18,200.0,30102,19659,10425,0.0972,159.5016,0.0972,182.0,0.2
380.0,200,200.0,30488,19673,10615,0.0,71.245,0.0,0.0,0.2
385.0,177,119.0,31852,20797,10878,0.9733,187.1104,0.9733,58.0,0.2
390.0,26,157.0,32886,21718,11142,0.3803,224.2998,0.3803,131.0,0.2
395.0,18,200.0,32947,21719,11210,0.0,80.7536,0.0,182.0,0.2
400.0,12,157.24,32994,21719,11263,0.0,33.0313,0.0,145.24,0.2
405.0,13,1.31,33043,21719,11311,0.0,18.5136,0.0,11.69,0.2
410.0,8,0.0,33089,21719,11362,0.0,12.111,0.0,8.0,0.2
415.0,143,0.0,34224,22532,11549,0.9911,112.7039,0.9911,143.0,0.2
420.0,41,52.0,35568,23735,11792,0.5701,246.5731,0.5701,11.0,0.2
425.0,12,200.0,35602,23735,11855,0.0,85.2319,0.0,188.0,0.2
430.0,136,149.2,36064,23940,11988,0.8952,114.4709,0.8952,13.2,0.2
435.0,9,184.47,36111,23946,12156,0.0,43.61,0.0,175.47,0.2
440.0,141,33.31,36764,24340,12283,1.0,77.9183,1.0,107.69,0.2
445.0,14,142.71,36817,24348,12455,0.0,58.8865,0.0,128.71,0.2
450.0,12,70.18,36897,24348,12537,0.0,29.7673,0.0,58.18,0.2
455.0,200,0.0,37434,24605,12629,0.0,15.5596,0.0,200.0,0.2
460.0,80,6.0,37865,24879,12906,0.463,111.7254,0.463,74.0,0.2
465.0,8,54.3,37902,24879,13015,0.0,41.6496,0.0,46.3,0.2
470.0,5,0.0,37950,24879,13066,0.0,19.6868,0.0,5.0,0.2
475.0,51,8.61,38315,24981,13283,0.0,53.6058,0.0,42.39,0.2
480.0,56,0.0,38415,24981,13378,0.0,24.2465,0.0,56.0,0.2
485.0,102,0.0,39899,26166,13631,0.7464,205.0558,0.7464,102.0,0.2
490.0,133,136.76,40936,26884,13919,1.0,162.9015,1.0,3.76,0.2
495.0,67,123.76,42330,28100,14163,0.6422,271.0912,0.6422,56.76,0.2
500.0,6,200.0,42380,28106,14268,0.0,95.6881,0.0,194.0,0.2
505.0,10,173.96,42430,28106,14314,0.0,37.2015,0.0,163.96,0.2
510.0,151,55.48,43412,28721,14540,1.0,87.8075,1.0,95.52,0.2
515.0,118,56.48,43933,29000,14815,0.874,142.8031,0.874,61.52,0.2
520.0,13,156.0,43977,29001,14963,0.0,52.9118,0.0,143.0,0.2
525.0,12,53.98,44031,29001,15018,0.0,24.4162,0.0,41.98,0.2
530.0,75,11.0,44575,29293,15207,0.3348,97.7204,0.3348,64.0,0.2
535.0,166,0.0,46409,30816,15427,0.9841,251.7961,0.9841,166.0,0.2
540.0,19,200.0,46796,31147,15630,0.0,165.2644,0.0,181.0,0.2
545.0,83,155.0,47271,31380,15808,0.5212,131.5657,0.5212,72.0,0.2
550.0,17,196.58,47333,31380,15936,0.0,50.5809,0.0,179.58,0.2
555.0,5,91.85,47378,31380,15993,0.0,23.7641,0.0,86.85,0.2
560.0,14,0.0,47436,31380,16042,0.0,14.7102,0.0,14.0,0.2
565.0,2,0.0,47485,31380,16103,0.0,11.545,0.0,2.0,0.2
570.0,138,0.0,48229,31870,16221,1.0,54.784,1.0,138.0,0.2
575.0,17,134.12,48931,32455,16459,0.0,134.1164,0.0,117.12,0.2
580.0,4,195.79,48978,32455,16519,0.0,49.7902,0.0,191.79,0.2
585.0,200,105.42,50655,33685,16770,0.6497,185.5421,0.6497,94.58,0.2
590.0,200,149.42,52060,34826,17034,0.6424,212.5402,0.6424,50.58,0.2
595.0,153,22.42,54604,37156,17295,0.9389,409.2109,0.9389,130.58,0.2
600.0,111,145.0,56011,38342,17558,0.4998,321.8829,0.4998,34.0,0.2
605.0,8,200.0,56057,38352,17697,0.0,128.8224,0.0,192.0,0.2
610.0,15,194.29,56108,38352,17741,0.0,48.2852,0.0,179.29,0.2
615.0,12,80.93,56158,38352,17794,0.0,23.1235,0.0,68.93,0.2
620.0,200,0.0,57592,39426,17966,0.7351,177.3934,0.7351,200.0,0.2
625.0,22,200.0,57968,39776,18170,0.0,137.8611,0.0,178.0,0.2
630.0,9,198.54,58016,39776,18231,0.0,52.5401,0.0,189.54,0.2
635.0,47,162.87,58393,39890,18456,0.0,65.1949,0.0,115.87,0.2
640.0,200,96.52,58767,40002,18565,0.0,28.0341,0.0,103.48,0.2
645.0,174,0.0,61251,42254,18823,0.8947,322.8777,0.8947,174.0,0.2
650.0,9,200.0,61729,42685,19035,0.0912,200.2713,0.0912,191.0,0.2
655.0,5,200.0,61778,42685,19088,0.0,72.7961,0.0,195.0,0.2
660.0,90,136.96,61910,42685,19135,0.0,29.6957,0.0,46.96,0.2
665.0,21,135.21,62483,43071,19391,0.0,78.7269,0.0,114.21,0.2
670.0,4,104.57,62535,43071,19460,0.0,33.1364,0.0,100.57,0.2
675.0,6,0.0,62581,43071,19504,0.0,16.1861,0.0,6.0,0.2
680.0,85,0.0,62847,43096,19666,0.0,44.8479,0.0,85.0,0.2
685.0,9,0.0,62901,43096,19796,0.0,20.666,0.0,9.0,0.2
690.0,13,0.0,62950,43096,19841,0.0,13.9642,0.0,13.0,0.2
695.0,9,0.0,63007,43096,19902,0.0,11.8113,0.0,9.0,0.2
700.0,13,0.0,63067,43096,19958,0.0,11.5433,0.0,13.0,0.2
705.0,23,0.0,63279,43097,20159,0.0,32.1035,0.0,23.0,0.2
710.0,89,9.0,64564,44084,20391,0.6787,196.0678,0.6787,80.0,0.2
715.0,6,200.0,64613,44092,20515,0.0,71.5377,0.0,194.0,0.2
720.0,11,137.78,64663,44092,20560,0.0,30.086,0.0,126.78,0.2
725.0,14,0.0,64724,44092,20618,0.0,17.2531,0.0,14.0,0.2
730.0,199,5.0,66030,45053,20778,0.6197,155.1591,0.6197,194.0,0.2
735.0,16,200.0,66642,45632,20994,0.0,157.5229,0.0,184.0,0.2
740.0,138,149.0,67265,45969,21158,0.9823,169.7998,0.9823,11.0,0.2
745.0,172,120.0,68196,46612,21412,0.7752,160.1674,0.7752,52.0,0.2
750.0,40,149.82,68459,46733,21686,0.0,108.8203,0.0,109.82,0.2
755.0,66,185.74,68573,46733,21774,0.0,42.8835,0.0,119.74,0.2
760.0,165,71.64,71079,48862,22052,0.8102,316.1778,0.8102,93.36,0.2
765.0,11,200.0,71128,48884,22233,0.0,149.4672,0.0,189.0,0.2
770.0,8,200.0,71179,48884,22287,0.0,56.1854,0.0,192.0,0.2
775.0,149,80.03,72251,49682,22420,1.0,133.142,1.0,68.97,0.2
780.0,13,200.0,72339,49723,22603,0.0,92.2059,0.0,187.0,0.2
785.0,14,170.19,72385,49723,22648,0.0,36.7545,0.0,156.19,0.2
790.0,12,25.88,72443,49723,22708,0.0,18.8309,0.0,13.88,0.2
795.0,16,0.0,72646,49723,22907,0.0,28.3014,0.0,16.0,0.2
800.0,98,6.0,73455,50276,23081,0.5967,148.7589,0.5967,92.0,0.2
805.0,132,82.11,74287,50859,23296,1.0,120.7837,1.0,49.89,0.2
810.0,150,19.11,76061,52385,23526,0.9966,296.6738,0.9966,130.89,0.2
815.0,35,81.0,77523,53673,23815,0.6115,324.344,0.6115,46.0,0.2
820.0,14,200.0,77585,53677,23894,0.0,114.5713,0.0,186.0,0.2
825.0,9,188.59,77635,53677,23949,0.0,44.0394,0.0,179.59,0.2
830.0,7,59.31,77678,53677,23994,0.0,20.1083,0.0,52.31,0.2
835.0,8,0.0,77724,53677,24039,0.0,11.8291,0.0,8.0,0.2
840.0,20,0.0,77849,53677,24152,0.0,23.2742,0.0,20.0,0.2
845.0,6,0.0,77886,53677,24203,0.0,12.1593,0.0,6.0,0.2
850.0,158,0.0,79043,54553,24332,1.0,128.2196,1.0,158.0,0.2
855.0,147,0.0,80969,56234,24588,0.9846,324.9254,0.9846,147.0,0.2
860.0,12,200.0,81012,56250,24750,0.0,149.4149,0.0,188.0,0.2
865.0,7,200.0,81062,56250,24805,0.0,55.9075,0.0,193.0,0.2
870.0,120,102.32,82084,56991,24973,0.736,189.369,0.736,17.68,0.2
875.0,14,200.0,82134,56996,25124,0.0,75.1523,0.0,186.0,0.2
880.0,9,151.89,82187,56996,25182,0.0,31.8486,0.0,142.89,0.2
885.0,146,0.02,83335,57845,25344,1.0,129.0544,1.0,145.98,0.2
890.0,7,200.0,83426,57893,25526,0.0,95.3458,0.0,193.0,0.2
895.0,13,177.03,83491,57893,25585,0.0,39.4564,0.0,164.03,0.2
900.0,200,52.99,84067,58174,25693,0.0,29.4647,0.0,147.01,0.2
905.0,43,57.0,85486,59465,25978,0.5205,231.4915,0.5205,14.0,0.2
910.0,42,200.0,86111,59857,26212,0.0338,146.9643,0.0338,158.0,0.2
915.0,36,200.0,86225,59857,26332,0.0,61.3054,0.0,164.0,0.2
920.0,63,176.0,87383,60749,26571,0.551,191.5554,0.551,113.0,0.2
925.0,14,200.0,87440,60751,26675,0.0,69.7625,0.0,186.0,0.2
930.0,15,142.07,87500,60751,26734,0.0,30.8435,0.0,127.07,0.2
935.0,12,0.0,87541,60751,26778,0.0,15.8581,0.0,12.0,0.2
940.0,200,0.0,88304,61177,26927,0.5528,58.1452,0.5528,200.0,0.2
945.0,106,0.0,90272,62951,27215,0.8686,342.4898,0.8686,106.0,0.2
950.0,5,200.0,90333,62959,27369,0.0,123.1432,0.0,195.0,0.2
955.0,5,191.26,90368,62959,27404,0.0,45.2623,0.0,186.26,0.2
960.0,9,63.23,90417,62959,27449,0.0,20.5199,0.0,54.23,0.2
965.0,16,0.0,90467,62959,27492,0.0,13.3838,0.0,16.0,0.2
970.0,7,0.0,90522,62959,27556,0.0,11.4378,0.0,7.0,0.2
975.0,141,0.0,91681,63829,27711,1.0,135.161,1.0,141.0,0.2
980.0,151,127.72,92466,64388,27927,1.0,138.4109,1.0,23.28,0.2
985.0,65,84.72,93812,65576,28171,0.6494,253.8841,0.6494,19.72,0.2
990.0,10,200.0,93865,65580,28275,0.0,90.6804,0.0,190.0,0.2
995.0,11,168.93,93918,65580,28327,0.0,36.3426,0.0,157.93,0.2
