time,q_real,total,dropped,served,drop_rate,E
5.0,8,52,0,44,0.0,0.0
10.0,14,108,0,94,0.0,0.0
15.0,13,149,0,136,0.0,0.0
20.0,7,190,0,183,0.0,0.0
25.0,72,342,0,270,0.0,0.0
30.0,200,689,79,410,0.0,0.0
35.0,200,3093,2240,653,0.5,0.0
40.0,17,3171,2276,878,0.0,0.0
45.0,8,3218,2276,934,0.0,0.0
50.0,19,3270,2276,975,0.0,0.0
55.0,13,3318,2276,1029,0.0,0.0
60.0,88,3865,2546,1231,0.0,0.0
65.0,96,4434,2855,1483,0.5,0.0
70.0,12,4484,2855,1617,0.0,0.0
75.0,199,6247,4236,1812,0.5,0.0
80.0,200,8004,5732,2072,0.5,0.0
85.0,165,8538,6056,2317,0.5,0.0
90.0,16,8591,6063,2512,0.0,0.0
95.0,13,8644,6063,2568,0.0,0.0
100.0,12,8699,6063,2624,0.0,0.0
105.0,8,8738,6063,2667,0.0,0.0
110.0,12,8792,6063,2717,0.0,0.0
115.0,11,8846,6063,2772,0.0,0.0
120.0,9,8905,6063,2833,0.0,0.0
125.0,5,8944,6063,2876,0.0,0.0
130.0,11,8994,6063,2920,0.0,0.0
135.0,14,9040,6063,2963,0.0,0.0
140.0,13,9086,6063,3010,0.0,0.0
145.0,10,9139,6063,3066,0.0,0.0
150.0,23,9299,6063,3213,0.0,0.0
155.0,9,9337,6063,3265,0.0,0.0
160.0,199,10512,6904,3409,0.5,0.0
165.0,58,11465,7732,3675,0.0,0.0
170.0,15,11537,7732,3790,0.0,0.0
175.0,120,12610,8483,4007,0.5,0.0
180.0,191,13833,9392,4250,0.5,0.0
185.0,22,13888,9396,4470,0.0,0.0
190.0,13,13941,9396,4532,0.0,0.0
195.0,10,13988,9396,4582,0.0,0.0
200.0,13,14041,9396,4632,0.0,0.0
205.0,148,15146,10160,4838,0.5,0.0
210.0,22,15209,10160,5027,0.0,0.0
215.0,199,15724,10237,5288,0.0,0.0
220.0,37,16388,10811,5540,0.0,0.0
225.0,14,16439,10811,5614,0.0,0.0
230.0,9,16480,10811,5660,0.0,0.0
235.0,10,16528,10811,5707,0.0,0.0
240.0,6,16567,10811,5750,0.0,0.0
245.0,13,16624,10811,5800,0.0,0.0
250.0,14,16672,10811,5847,0.0,0.0
255.0,199,18360,12098,6063,0.5,0.0
260.0,47,19489,13117,6325,0.0,0.0
265.0,139,20988,14298,6551,0.5,0.0
270.0,8,21040,14298,6734,0.0,0.0
275.0,11,21085,14298,6776,0.0,0.0
280.0,6,21122,14298,6818,0.0,0.0
285.0,200,22716,15516,7000,0.5,0.0
290.0,170,24884,17458,7256,0.5,0.0
295.0,18,24939,17463,7458,0.0,0.0
300.0,176,25536,17741,7619,0.5,0.0
305.0,11,25593,17748,7834,0.0,0.0
310.0,5,25636,17748,7883,0.0,0.0
315.0,194,26590,18401,7995,0.5,0.0
320.0,200,28237,19784,8253,0.5,0.0
325.0,20,28481,19970,8491,0.0,0.0
330.0,156,28838,20069,8613,0.5,0.0
335.0,13,28886,20069,8804,0.0,0.0
340.0,120,29331,20247,8964,0.5,0.0
345.0,200,29649,20293,9156,0.0,0.0
350.0,122,31068,21551,9395,0.0,0.0
355.0,81,31269,21551,9637,0.0,0.0
360.0,10,31377,21551,9816,0.0,0.0
365.0,100,31523,21551,9872,0.0,0.0
370.0,13,31575,21551,10011,0.0,0.0
375.0,11,31622,21551,10060,0.0,0.0
380.0,11,31672,21551,10110,0.0,0.0
385.0,11,31718,21551,10156,0.0,0.0
390.0,7,31769,21551,10211,0.0,0.0
395.0,15,31822,21551,10256,0.0,0.0
400.0,10,31876,21551,10315,0.0,0.0
405.0,130,33394,22717,10547,0.5,0.0
410.0,200,35695,24664,10831,0.5,0.0
415.0,200,36188,24912,11076,0.0,0.0
420.0,57,37354,25938,11359,0.0,0.0
425.0,9,37396,25938,11449,0.0,0.0
430.0,200,38475,26690,11585,0.5,0.0
435.0,58,39655,27752,11845,0.0,0.0
440.0,9,39710,27752,11949,0.0,0.0
445.0,12,39767,27752,12003,0.0,0.0
450.0,12,39814,27752,12050,0.0,0.0
455.0,13,39863,27752,12098,0.0,0.0
460.0,13,39917,27752,12152,0.0,0.0
465.0,8,39974,27752,12214,0.0,0.0
470.0,101,40217,27752,12364,0.0,0.0
475.0,3,40261,27752,12506,0.0,0.0
480.0,6,40318,27752,12560,0.0,0.0
485.0,200,40809,27978,12631,0.0,0.0
490.0,200,43248,30135,12913,0.5,0.0
495.0,177,45507,32198,13132,0.5,0.0
500.0,198,47091,33488,13405,0.5,0.0
505.0,39,47652,33954,13659,0.0,0.0
510.0,7,47701,33954,13740,0.0,0.0
515.0,68,48367,34347,13952,0.0,0.0
520.0,16,48422,34347,14059,0.0,0.0
525.0,9,48470,34347,14114,0.0,0.0
530.0,12,48516,34347,14157,0.0,0.0
535.0,10,48564,34347,14207,0.0,0.0
540.0,10,48612,34347,14255,0.0,0.0
545.0,23,48673,34347,14303,0.0,0.0
550.0,13,48724,34347,14364,0.0,0.0
555.0,37,48855,34347,14471,0.0,0.0
560.0,102,49655,34841,14712,0.0,0.0
565.0,200,50137,34989,14948,0.0,0.0
570.0,23,50364,35161,15180,0.0,0.0
575.0,16,50429,35161,15252,0.0,0.0
580.0,9,50468,35161,15298,0.0,0.0
585.0,200,50868,35283,15385,0.0,0.0
590.0,200,51864,36010,15654,0.0,0.0
595.0,12,51927,36042,15873,0.0,0.0
600.0,102,52851,36642,16107,0.0,0.0
605.0,200,53142,36669,16273,0.0,0.0
610.0,114,54428,37800,16514,0.0,0.0
615.0,200,56293,39327,16766,0.5,0.0
620.0,20,56523,39493,17010,0.0,0.0
625.0,4,56573,39493,17076,0.0,0.0
630.0,199,58074,40601,17274,0.5,0.0
635.0,31,58215,40684,17500,0.0,0.0
640.0,11,58262,40684,17567,0.0,0.0
645.0,9,58311,40684,17618,0.0,0.0
650.0,77,58709,40836,17796,0.0,0.0
655.0,15,58766,40836,17915,0.0,0.0
660.0,9,58815,40836,17970,0.0,0.0
665.0,12,58866,40836,18018,0.0,0.0
670.0,11,58918,40836,18071,0.0,0.0
675.0,5,58966,40836,18125,0.0,0.0
680.0,9,59016,40836,18171,0.0,0.0
685.0,25,59232,40836,18371,0.0,0.0
690.0,200,61586,42761,18625,0.5,0.0
695.0,48,62108,43198,18862,0.0,0.0
700.0,200,62758,43571,18987,0.0,0.0
705.0,200,64135,44675,19260,0.0,0.0
710.0,174,66011,46296,19541,0.5,0.0
715.0,14,66055,46301,19740,0.0,0.0
720.0,8,66101,46301,19792,0.0,0.0
725.0,8,66146,46301,19837,0.0,0.0
730.0,10,66202,46301,19891,0.0,0.0
735.0,15,66256,46301,19940,0.0,0.0
740.0,11,66306,46301,19994,0.0,0.0
745.0,13,66355,46301,20041,0.0,0.0
750.0,200,67177,46822,20155,0.5,0.0
755.0,156,68302,47701,20445,0.5,0.0
760.0,162,69073,48188,20723,0.5,0.0
765.0,197,71564,50326,21041,0.5,0.0
770.0,200,74040,52508,21332,0.5,0.0
775.0,83,74687,53018,21586,0.0,0.0
780.0,200,75101,53165,21736,0.0,0.0
785.0,15,75253,53267,21971,0.0,0.0
790.0,10,75310,53267,22033,0.0,0.0
795.0,13,75364,53267,22084,0.0,0.0
800.0,9,75413,53267,22137,0.0,0.0
805.0,200,77616,55036,22380,0.5,0.0
810.0,143,78244,55464,22637,0.5,0.0
815.0,17,78332,55464,22851,0.0,0.0
820.0,11,78384,55464,22909,0.0,0.0
825.0,16,78435,55464,22955,0.0,0.0
830.0,8,78488,55464,23016,0.0,0.0
835.0,10,78540,55464,23066,0.0,0.0
840.0,10,78582,55464,23108,0.0,0.0
845.0,200,78994,55601,23193,0.0,0.0
850.0,30,79774,56257,23487,0.0,0.0
855.0,14,79821,56257,23550,0.0,0.0
860.0,38,80232,56401,23793,0.0,0.0
865.0,9,80281,56401,23871,0.0,0.0
870.0,184,81219,57015,24020,0.5,0.0
875.0,13,81276,57023,24240,0.0,0.0
880.0,46,82282,57715,24521,0.0,0.0
885.0,8,82341,57715,24618,0.0,0.0
890.0,6,82382,57715,24661,0.0,0.0
895.0,8,82436,57715,24713,0.0,0.0
900.0,8,82473,57715,24750,0.0,0.0
905.0,179,84390,59242,24969,0.5,0.0
910.0,111,85401,60047,25243,0.5,0.0
915.0,133,87172,61531,25508,0.5,0.0
920.0,9,87221,61531,25681,0.0,0.0
925.0,9,87271,61531,25731,0.0,0.0
930.0,7,87302,61531,25764,0.0,0.0
935.0,121,88348,62238,25989,0.0,0.0
940.0,200,90152,63722,26230,0.5,0.0
945.0,29,90566,64080,26457,0.0,0.0
950.0,168,91811,64957,26686,0.5,0.0
955.0,17,91871,64967,26887,0.0,0.0
960.0,200,93445,66094,27151,0.5,0.0
965.0,25,93515,66113,27377,0.0,0.0
970.0,15,93575,66113,27447,0.0,0.0
975.0,200,95175,67246,27729,0.5,0.0
980.0,115,96716,68595,28006,0.5,0.0
985.0,10,96759,68595,28154,0.0,0.0
990.0,14,96817,68595,28208,0.0,0.0
995.0,8,96866,68595,28263,0.0,0.0
